timestamp,experiment_id,tag,model,fold,cleaning,nlp_method,embedding,epochs,batch_size,train_time_sec,f1_macro,recall_neg,precision_pos,notes
2025-11-17T03:40:23.773250+00:00,C01,C01_SRN_20251116-223956,simple_rnn,1,baseline,keras_tokenizer,learned,5,128,24.780682147000334,0.2973511111781695,0.013468013468013467,0.7331081081081081,
2025-11-17T03:40:43.980293+00:00,C01,C01_SRN_20251116-223956,simple_rnn,2,baseline,keras_tokenizer,learned,5,128,21.9722661099986,0.16338992356374418,0.0033707865168539327,0.7922535211267606,
2025-11-17T03:41:15.105011+00:00,C01,C01_SRN_20251116-223956,simple_rnn,3,baseline,keras_tokenizer,learned,5,128,20.937148535002052,0.14545612937555805,0.4370786516853933,0.7142857142857143,
2025-11-17T03:41:37.669251+00:00,C02,C02_SRN_20251116-224108,simple_rnn,1,baseline,keras_tokenizer,word2vec,5,128,26.177389763000974,0.1374379866716349,0.3950617283950617,1.0,
2025-11-17T03:41:58.946836+00:00,C02,C02_SRN_20251116-224108,simple_rnn,2,baseline,keras_tokenizer,word2vec,5,128,22.470043414999964,0.30174506434248805,0.02696629213483146,0.7329974811083123,
2025-11-17T03:42:17.979991+00:00,C02,C02_SRN_20251116-224108,simple_rnn,3,baseline,keras_tokenizer,word2vec,5,128,20.31508923400179,0.31917601537887175,0.36966292134831463,0.7408588957055214,
2025-11-17T03:42:50.701746+00:00,C03,C03_SRN_20251116-224222,simple_rnn,1,lemmatize,keras_tokenizer,learned,5,128,24.732759094997164,0.2931820762457807,0.34118967452300786,0.7387247278382582,
2025-11-17T03:43:12.621568+00:00,C03,C03_SRN_20251116-224222,simple_rnn,2,lemmatize,keras_tokenizer,learned,5,128,23.22930148100204,0.3083380618747786,0.07191011235955057,0.7206629243517776,
2025-11-17T03:43:31.274165+00:00,C03,C03_SRN_20251116-224222,simple_rnn,3,lemmatize,keras_tokenizer,learned,5,128,19.94981257999825,0.2665633662494123,0.32471910112359553,0.7669962917181706,
2025-11-17T03:44:03.521659+00:00,C04,C04_SRN_20251116-224336,simple_rnn,1,lemmatize,keras_tokenizer,word2vec,5,128,23.99918942700242,0.10198536510627039,0.04489337822671156,1.0,
2025-11-17T03:44:24.547144+00:00,C04,C04_SRN_20251116-224336,simple_rnn,2,lemmatize,keras_tokenizer,word2vec,5,128,22.81895638399874,0.22595593017091506,0.48089887640449436,0.7687074829931972,
2025-11-17T03:44:44.599951+00:00,C04,C04_SRN_20251116-224336,simple_rnn,3,lemmatize,keras_tokenizer,word2vec,5,128,21.30910697299987,0.16783401096880912,0.25280898876404495,0.7248520710059172,
2025-11-17T03:51:10.014201+00:00,C05,C05_SRN_20251116-225043,simple_rnn,1,stem,keras_tokenizer,learned,5,128,24.322471129002224,0.2536267538106318,0.09876543209876543,0.6963249516441006,
2025-11-17T03:51:30.967374+00:00,C05,C05_SRN_20251116-225043,simple_rnn,2,stem,keras_tokenizer,learned,5,128,22.246217734998936,0.23561738519211092,0.07528089887640449,0.7582345191040843,
2025-11-17T03:51:50.266554+00:00,C05,C05_SRN_20251116-225043,simple_rnn,3,stem,keras_tokenizer,learned,5,128,20.526233054999466,0.27447494688744595,0.3112359550561798,0.7179856115107913,
2025-11-17T03:52:35.193536+00:00,C06,C06_SRN_20251116-225208,simple_rnn,1,stem,keras_tokenizer,word2vec,5,128,23.741662226999324,0.2547970275725571,0.41301907968574636,0.7621283255086072,
2025-11-17T03:52:56.320869+00:00,C06,C06_SRN_20251116-225208,simple_rnn,2,stem,keras_tokenizer,word2vec,5,128,22.3309969740003,0.2846113058833029,0.043820224719101124,0.7441950464396285,
2025-11-17T03:53:16.308531+00:00,C06,C06_SRN_20251116-225208,simple_rnn,3,stem,keras_tokenizer,word2vec,5,128,21.24316184700001,0.17810011493410083,0.15955056179775282,0.7749546279491834,
2025-11-17T03:56:41.778645+00:00,C07,C07_SRN_20251116-225606,simple_rnn,1,baseline,keras_tokenizer,learned,5,128,32.936355396999716,0.285235227032448,0.006734006734006734,0.7282950223251199,
2025-11-17T03:57:11.313926+00:00,C07,C07_SRN_20251116-225606,simple_rnn,2,baseline,keras_tokenizer,learned,5,128,31.638790903998597,0.2913639790953316,0.15617977528089888,0.7310401989225032,
2025-11-17T03:57:39.210597+00:00,C07,C07_SRN_20251116-225606,simple_rnn,3,baseline,keras_tokenizer,learned,5,128,29.882972481998877,0.2969018018263894,0.05393258426966292,0.722825120085394,
2025-11-17T03:58:15.556711+00:00,C08,C08_SRN_20251116-225748,simple_rnn,1,baseline,keras_tokenizer,word2vec,5,128,25.18949303000045,0.12997533091770277,0.2143658810325477,1.0,
2025-11-17T03:58:38.000119+00:00,C08,C08_SRN_20251116-225748,simple_rnn,2,baseline,keras_tokenizer,word2vec,5,128,23.67013253099867,0.14205772563186436,0.45955056179775283,1.0,
2025-11-17T03:58:58.265321+00:00,C08,C08_SRN_20251116-225748,simple_rnn,3,baseline,keras_tokenizer,word2vec,5,128,21.550293321000936,0.28467207489305196,0.0056179775280898875,0.7286706349206349,
2025-11-17T03:59:30.779398+00:00,C09,C09_SRN_20251116-225903,simple_rnn,1,baseline,keras_tokenizer,learned,5,128,24.54240560299877,0.11341886793313405,0.06734006734006734,0.6666666666666666,
2025-11-17T03:59:52.859279+00:00,C09,C09_SRN_20251116-225903,simple_rnn,2,baseline,keras_tokenizer,learned,5,128,23.347807418998855,0.13335721757470578,0.8887640449438202,0.0,
2025-11-17T04:00:12.356400+00:00,C09,C09_SRN_20251116-225903,simple_rnn,3,baseline,keras_tokenizer,learned,5,128,20.762897520002298,0.301514629273854,0.3303370786516854,0.735270379338176,
2025-11-17T04:03:50.020281+00:00,C10,C10_SRN_20251116-230320,simple_rnn,1,lemmatize,keras_tokenizer,learned,5,128,26.877038062000793,0.2765327559507675,0.29292929292929293,0.7231800766283525,
2025-11-17T04:04:11.496049+00:00,C10,C10_SRN_20251116-230320,simple_rnn,2,lemmatize,keras_tokenizer,learned,5,128,22.73093990900088,0.089558573354731,0.9775280898876404,0.5185185185185185,
2025-11-17T04:04:30.758790+00:00,C10,C10_SRN_20251116-230320,simple_rnn,3,lemmatize,keras_tokenizer,learned,5,128,20.51871756000037,0.2781891422308439,0.011235955056179775,0.7203630175836642,
2025-11-17T04:05:03.078983+00:00,C11,C11_SRN_20251116-230435,simple_rnn,1,stem,keras_tokenizer,learned,5,128,24.81970639299834,0.2902308969891301,0.24803591470258138,0.720540288775035,
2025-11-17T04:05:24.309428+00:00,C11,C11_SRN_20251116-230435,simple_rnn,2,stem,keras_tokenizer,learned,5,128,22.984951046997594,0.20115440100527893,0.11348314606741573,0.7116682738669238,
2025-11-17T04:05:44.144881+00:00,C11,C11_SRN_20251116-230435,simple_rnn,3,stem,keras_tokenizer,learned,5,128,21.07428815000094,0.2727244735954422,0.20224719101123595,0.7366369710467706,
2025-11-17T04:21:09.787900+00:00,C01,C01_LSTM_20251116-231015,lstm,1,baseline,keras_tokenizer,learned,5,128,701.4459867910009,0.10551243457046222,0.04826038159371493,0.8888888888888888,
2025-11-17T04:31:48.178252+00:00,C01,C01_LSTM_20251116-231015,lstm,2,baseline,keras_tokenizer,learned,5,128,687.1303292400007,0.3128474822402963,0.048314606741573035,0.733433734939759,
2025-11-17T04:42:15.772886+00:00,C01,C01_LSTM_20251116-231015,lstm,3,baseline,keras_tokenizer,learned,5,128,676.0909075760028,0.10880327872730906,0.0550561797752809,1.0,
2025-11-17T04:54:49.140931+00:00,C01,C01_SRN_DIAG_20251116-235429,simple_rnn,1,baseline,keras_tokenizer,learned,3,256,13.623847688999376,0.18341419200978015,0.6083052749719416,0.7522768670309654,diag_confusion
2025-11-17T04:58:31.137228+00:00,C01,C01_SRN_LONG_20251116-235745,simple_rnn,1,baseline,keras_tokenizer,learned,15,128,42.40943852499913,0.3234631823330142,0.03591470258136925,0.728406381808179,long_training_es_lr
2025-11-17T04:59:05.113226+00:00,C01,C01_SRN_LONG_20251116-235745,simple_rnn,2,baseline,keras_tokenizer,learned,15,128,36.77759471299942,0.30400285128424825,0.3651685393258427,0.7166257166257166,long_training_es_lr
2025-11-17T04:59:24.632759+00:00,C01,C01_SRN_LONG_20251116-235745,simple_rnn,3,baseline,keras_tokenizer,learned,15,128,20.813211764998414,0.32949726047265776,0.19550561797752808,0.73,long_training_es_lr
2025-11-17T05:03:02.063307+00:00,C01,C01_SRN_100E_20251117-000258,simple_rnn,1,baseline,keras_tokenizer,learned,100,128,21.1989815909983,0.28575720307033375,0.002244668911335578,0.7288785202466256,100_epochs_es_lr
2025-11-17T05:03:20.102400+00:00,C01,C01_SRN_100E_20251117-000258,simple_rnn,2,baseline,keras_tokenizer,learned,100,128,19.314986146000592,0.3308010716674616,0.09325842696629214,0.744462452728255,100_epochs_es_lr
2025-11-17T05:03:43.081916+00:00,C01,C01_SRN_100E_20251117-000258,simple_rnn,3,baseline,keras_tokenizer,learned,100,128,24.699775229000807,0.31174027250913644,0.035955056179775284,0.73396952954964,100_epochs_es_lr
2025-11-17T05:06:24.260440+00:00,C03,C03_SRN_LONG_20251117-000550,simple_rnn,1,lemmatize,keras_tokenizer,learned,30,128,32.13651956600006,0.21621195534353868,0.47362514029180697,0.7405329593267882,lemmatize_30ep_lr5e-4
2025-11-17T05:06:51.599929+00:00,C03,C03_SRN_LONG_20251117-000550,simple_rnn,2,lemmatize,keras_tokenizer,learned,30,128,29.109933665000426,0.08974744544205608,0.9831460674157303,0.6052631578947368,lemmatize_30ep_lr5e-4
2025-11-17T05:07:13.906876+00:00,C03,C03_SRN_LONG_20251117-000550,simple_rnn,3,lemmatize,keras_tokenizer,learned,30,128,24.097745880997536,0.0903002126159268,0.9842696629213483,0.6818181818181818,lemmatize_30ep_lr5e-4
2025-11-17T05:09:46.719758+00:00,C03,C03_SRN_LONG_20251117-000909,simple_rnn,1,lemmatize,keras_tokenizer,learned,30,128,35.25837624700216,0.2980640026389741,0.5308641975308642,0.7503229974160207,lemmatize_30ep_lr5e-4_m1p2
2025-11-17T05:10:32.943397+00:00,C03,C03_SRN_LONG_20251117-000909,simple_rnn,2,lemmatize,keras_tokenizer,learned,30,128,50.517937839002116,0.18778833215893787,0.8269662921348314,0.7330275229357798,lemmatize_30ep_lr5e-4_m1p2
2025-11-17T05:11:28.578909+00:00,C03,C03_SRN_LONG_20251117-000909,simple_rnn,3,lemmatize,keras_tokenizer,learned,30,128,60.40191750200029,0.3240867410758304,0.349438202247191,0.7530238002341006,lemmatize_30ep_lr5e-4_m1p2
2025-11-17T05:32:00.414577+00:00,C01,C01_LSTM_LONG_20251117-001258,lstm,1,baseline,keras_tokenizer,learned,20,128,1239.2537884340018,0.31798564153493186,0.06172839506172839,0.7348688634835239,lstm_fold1_lr5e-4_w1p2
2025-11-17T05:43:53.967059+00:00,C01,C01_SRN_LONG_20251117-004240,simple_rnn,1,baseline,keras_tokenizer,learned,30,128,71.48880266500055,0.38248741237056966,0.5252525252525253,0.7779700115340253,baseline_lr5e-4_w1p2
2025-11-17T05:44:34.351140+00:00,C01,C01_SRN_LONG_20251117-004240,simple_rnn,2,baseline,keras_tokenizer,learned,30,128,43.3283264779966,0.2380735881245699,0.6685393258426966,0.7333333333333333,baseline_lr5e-4_w1p2
2025-11-17T05:45:37.707007+00:00,C01,C01_SRN_LONG_20251117-004240,simple_rnn,3,baseline,keras_tokenizer,learned,30,128,69.02045133000502,0.3426023454860081,0.3955056179775281,0.7448814655172413,baseline_lr5e-4_w1p2
2025-11-17T05:50:29.771451+00:00,C05,C05_SRN_LONG_20251117-004943,simple_rnn,1,stem,keras_tokenizer,learned,30,128,45.15926619700622,0.19617982032468784,0.8125701459034792,0.747907949790795,stem_lr5e-4_w1p2
2025-11-17T05:51:03.421365+00:00,C05,C05_SRN_LONG_20251117-004943,simple_rnn,2,stem,keras_tokenizer,learned,30,128,36.45121626999753,0.3265036418446972,0.26741573033707866,0.7423954372623575,stem_lr5e-4_w1p2
2025-11-17T05:51:32.000087+00:00,C05,C05_SRN_LONG_20251117-004943,simple_rnn,3,stem,keras_tokenizer,learned,30,128,30.869704203003494,0.24359598069510294,0.5842696629213483,0.7351598173515982,stem_lr5e-4_w1p2
2025-11-17T11:20:38.052373+00:00,C07,C07_SRN_LONG_20251117-061925,simple_rnn,1,baseline,keras_tokenizer,learned,30,128,71.09471762600151,0.09207803458035237,0.957351290684624,0.5242718446601942,baseline_maxlen384_lr5e-4_w1p2
2025-11-17T11:21:13.501634+00:00,C07,C07_SRN_LONG_20251117-061925,simple_rnn,2,baseline,keras_tokenizer,learned,30,128,38.05882161900081,0.20035255254249798,0.7146067415730337,0.7347266881028939,baseline_maxlen384_lr5e-4_w1p2
2025-11-17T11:22:14.549958+00:00,C07,C07_SRN_LONG_20251117-061925,simple_rnn,3,baseline,keras_tokenizer,learned,30,128,66.20296601500013,0.3150165798246472,0.1842696629213483,0.7318592964824121,baseline_maxlen384_lr5e-4_w1p2
2025-11-17T11:43:03.454474+00:00,C01,C01_LSTM_LONG_20251117-062630,lstm,1,baseline,keras_tokenizer,learned,30,128,1072.339303241999,0.08547992516908907,1.0,0.0,LSTM baseline lr5e-4 w1p2
2025-11-17T11:59:41.131722+00:00,C01,C01_LSTM_LONG_20251117-062630,lstm,2,baseline,keras_tokenizer,learned,30,128,1083.9195607239963,0.31918593311006255,0.06292134831460675,0.7350125944584383,LSTM baseline lr5e-4 w1p2
2025-11-17T12:22:40.833233+00:00,C01,C01_LSTM_LONG_20251117-062630,lstm,3,baseline,keras_tokenizer,learned,30,128,1504.6301400789962,0.32170329570481865,0.0651685393258427,0.7351060249074386,LSTM baseline lr5e-4 w1p2
2025-11-17T12:51:07.837040+00:00,C01,C01_GRU_20251117-075013,gru,1,baseline,keras_tokenizer,learned,30,128,53.66823605000536,0.09461715859819415,0.9966329966329966,0.9,GRU baseline lr5e-4 w1p2
2025-11-17T12:51:48.392085+00:00,C01,C01_GRU_20251117-075013,gru,2,baseline,keras_tokenizer,learned,30,128,43.92688274399552,0.1109793752665355,0.05955056179775281,1.0,GRU baseline lr5e-4 w1p2
2025-11-17T12:52:15.856414+00:00,C01,C01_GRU_20251117-075013,gru,3,baseline,keras_tokenizer,learned,30,128,29.839319979997526,0.08540856964637013,1.0,0.0,GRU baseline lr5e-4 w1p2
2025-11-17T12:53:27.817051+00:00,C01,C01_SRN_BI_20251117-075222,simple_rnn,1,baseline,keras_tokenizer,learned,30,128,67.1473937510018,0.7267111844805,0.7384960718294051,0.9417319207738369,Bidirectional SimpleRNN baseline
2025-11-17T12:54:27.893522+00:00,C01,C01_SRN_BI_20251117-075222,simple_rnn,2,baseline,keras_tokenizer,learned,30,128,64.99010615499719,0.7314048074668983,0.8033707865168539,0.9535214607540906,Bidirectional SimpleRNN baseline
2025-11-17T12:55:26.175961+00:00,C01,C01_SRN_BI_20251117-075222,simple_rnn,3,baseline,keras_tokenizer,learned,30,128,63.19359122100286,0.7424026068420763,0.7898876404494382,0.9414746543778801,Bidirectional SimpleRNN baseline
2025-11-17T13:05:37.380181+00:00,C02,C02_SRN_BI_20251117-080430,simple_rnn,1,baseline,keras_tokenizer,word2vec,30,128,67.36891223699786,0.7608847240954265,0.8619528619528619,0.9263319447489585,Bidirectional SimpleRNN C02
2025-11-17T13:06:31.443182+00:00,C02,C02_SRN_BI_20251117-080430,simple_rnn,2,baseline,keras_tokenizer,word2vec,30,128,58.43544013600331,0.7440265039068166,0.8303370786516854,0.9241861481319642,Bidirectional SimpleRNN C02
2025-11-17T13:07:35.723516+00:00,C02,C02_SRN_BI_20251117-080430,simple_rnn,3,baseline,keras_tokenizer,word2vec,30,128,69.69870581799478,0.7484089911057179,0.7865168539325843,0.9325071918566055,Bidirectional SimpleRNN C02
2025-11-17T13:27:20.529026+00:00,C01,C01_LSTM_BI_TEST_20251117-082642,lstm,1,baseline,keras_tokenizer,learned,20,256,38.26295272900461,0.7814048227079216,0.8069584736251403,0.95311027332705,BiLSTM C01 fold1 cuDNN test
2025-11-17T13:41:59.743081+00:00,C01,C01_LSTM_BI_20251117-084113,lstm,1,baseline,keras_tokenizer,learned,20,256,47.846107803008636,0.7757159955125948,0.7362514029180696,0.9475871623181713,BiLSTM C01 receta cuDNN
2025-11-17T13:42:38.251074+00:00,C01,C01_LSTM_BI_20251117-084113,lstm,2,baseline,keras_tokenizer,learned,20,256,41.879564453993225,0.790734397873515,0.8101123595505618,0.965096820463782,BiLSTM C01 receta cuDNN
2025-11-17T13:43:12.971663+00:00,C01,C01_LSTM_BI_20251117-084113,lstm,3,baseline,keras_tokenizer,learned,20,256,37.15477733401349,0.7711531154887438,0.8382022471910112,0.9613702623906706,BiLSTM C01 receta cuDNN
2025-11-17T13:45:23.497335+00:00,C02,C02_LSTM_BI_20251117-084446,lstm,1,baseline,keras_tokenizer,word2vec,20,256,37.79548706400965,0.7849367625626752,0.7620650953984287,0.9611071343354808,BiLSTM C02 receta cuDNN
2025-11-17T13:46:02.565536+00:00,C02,C02_LSTM_BI_20251117-084446,lstm,2,baseline,keras_tokenizer,word2vec,20,256,41.78995053599647,0.7910182820728836,0.7955056179775281,0.9459521094640821,BiLSTM C02 receta cuDNN
2025-11-17T13:47:45.780243+00:00,C02,C02_LSTM_BI_20251117-084446,lstm,3,baseline,keras_tokenizer,word2vec,20,256,112.95051433901244,0.7557138602685404,0.8426966292134831,0.9478344101459679,BiLSTM C02 receta cuDNN
2025-11-17T13:53:42.151668+00:00,C03,C03_LSTM_BI_20251117-085119,lstm,1,lemmatize,keras_tokenizer,learned,20,256,65.9678288300056,0.7769918607410083,0.7328843995510662,0.9561032863849765,BiLSTM C03 receta cuDNN
2025-11-17T13:52:59.021555+00:00,C03,C03_LSTM_BI_20251117-085119,lstm,2,lemmatize,keras_tokenizer,learned,20,256,39.291090714003076,0.7845181204174126,0.7910112359550562,0.9616867469879518,BiLSTM C03 receta cuDNN
2025-11-17T13:53:35.791410+00:00,C03,C03_LSTM_BI_20251117-085119,lstm,3,lemmatize,keras_tokenizer,learned,20,256,39.530870720991516,0.7706844088068893,0.7471910112359551,0.9573039098105062,BiLSTM C03 receta cuDNN
2025-11-17T14:01:07.730461+00:00,C04,C04_LSTM_BI_20251117-090027,lstm,1,lemmatize,keras_tokenizer,word2vec,20,256,39.91492483099864,0.7663387963851052,0.7946127946127947,0.9505966587112172,BiLSTM C04 receta cuDNN
2025-11-17T14:01:13.570783+00:00,C01,C01_LSTM_BI_20251117-080742,lstm,1,baseline,keras_tokenizer,learned,20,128,3484.588063618008,0.7474713151868979,0.7396184062850729,0.9552567237163814,Bidirectional LSTM C01 fold1 test
2025-11-17T14:01:36.266652+00:00,C04,C04_LSTM_BI_20251117-090027,lstm,2,lemmatize,keras_tokenizer,word2vec,20,256,30.938568394994945,0.7802753454648221,0.8112359550561797,0.9600783737447955,BiLSTM C04 receta cuDNN
2025-11-17T14:02:05.768834+00:00,C04,C04_LSTM_BI_20251117-090027,lstm,3,lemmatize,keras_tokenizer,word2vec,20,256,31.69029479099845,0.7757927986727946,0.849438202247191,0.9671084928816888,BiLSTM C04 receta cuDNN
2025-11-17T14:06:40.364899+00:00,C05,C05_LSTM_BI_20251117-090613,lstm,1,stem,keras_tokenizer,learned,20,256,26.0119882220024,0.7586099327195465,0.797979797979798,0.9598246895544192,BiLSTM C05 receta cuDNN
2025-11-17T14:07:13.252520+00:00,C05,C05_LSTM_BI_20251117-090613,lstm,2,stem,keras_tokenizer,learned,20,256,35.90847823400691,0.7760603167780032,0.7415730337078652,0.9481566820276498,BiLSTM C05 receta cuDNN
2025-11-17T14:07:49.532111+00:00,C05,C05_LSTM_BI_20251117-090613,lstm,3,stem,keras_tokenizer,learned,20,256,39.23622846399667,0.7743575764699542,0.8449438202247191,0.9653477512902433,BiLSTM C05 receta cuDNN
2025-11-17T14:11:45.060634+00:00,C06,C06_LSTM_BI_20251117-091103,lstm,1,stem,keras_tokenizer,word2vec,20,256,42.2080165649968,0.7773416923506774,0.7789001122334456,0.9607228915662651,BiLSTM C06 receta cuDNN
2025-11-17T14:12:17.576093+00:00,C06,C06_LSTM_BI_20251117-091103,lstm,2,stem,keras_tokenizer,word2vec,20,256,34.92241743899649,0.7787567947736121,0.8247191011235955,0.9634803921568628,BiLSTM C06 receta cuDNN
2025-11-17T14:12:50.372915+00:00,C06,C06_LSTM_BI_20251117-091103,lstm,3,stem,keras_tokenizer,word2vec,20,256,35.754364948996226,0.7692721720294102,0.8,0.9655172413793104,BiLSTM C06 receta cuDNN
2025-11-17T14:18:24.777936+00:00,C07,C07_LSTM_BI_20251117-091739,lstm,1,baseline,keras_tokenizer,learned,20,256,46.21522784800618,0.7811765055809573,0.7710437710437711,0.9495720564422855,BiLSTM C07 max_len384
2025-11-17T14:19:02.790311+00:00,C07,C07_LSTM_BI_20251117-091739,lstm,2,baseline,keras_tokenizer,learned,20,256,41.143107352996594,0.7873151406078303,0.8247191011235955,0.9562337355098178,BiLSTM C07 max_len384
2025-11-17T14:19:42.308184+00:00,C07,C07_LSTM_BI_20251117-091739,lstm,3,baseline,keras_tokenizer,learned,20,256,42.321225870997296,0.7845913490238344,0.8292134831460675,0.9639399806389157,BiLSTM C07 max_len384
2025-11-17T14:22:50.939639+00:00,C08,C08_LSTM_BI_20251117-092340,lstm,1,baseline,keras_tokenizer,word2vec,20,256,33.492017784999916,0.7881351551491718,0.7934904601571269,0.9469593049839964,BiLSTM C08 word2vec256
2025-11-17T14:23:20.413343+00:00,C08,C08_LSTM_BI_20251117-092340,lstm,2,baseline,keras_tokenizer,word2vec,20,256,31.956915331000346,0.7798208157883959,0.8617977528089887,0.9693145261073992,BiLSTM C08 word2vec256
2025-11-17T14:23:55.346189+00:00,C08,C08_LSTM_BI_20251117-092340,lstm,3,baseline,keras_tokenizer,word2vec,20,256,37.771367526001995,0.7478600771606926,0.6404494382022472,0.957122439256789,BiLSTM C08 word2vec256
2025-11-17T14:24:53.838662+00:00,C09,C09_LSTM_BI_20251117-092423,lstm,1,baseline,keras_tokenizer,learned,20,256,30.510140015991055,0.7748686428906453,0.8125701459034792,0.963623046875,BiLSTM C09 vocab50k
2025-11-17T14:25:22.873801+00:00,C09,C09_LSTM_BI_20251117-092423,lstm,2,baseline,keras_tokenizer,learned,20,256,31.41927959199529,0.7885090487052939,0.801123595505618,0.9638236703402012,BiLSTM C09 vocab50k
2025-11-17T14:25:48.092627+00:00,C09,C09_LSTM_BI_20251117-092423,lstm,3,baseline,keras_tokenizer,learned,20,256,27.061590322002303,0.7703423364968808,0.801123595505618,0.9580838323353293,BiLSTM C09 vocab50k
2025-11-17T14:30:12.237922+00:00,C10,C10_LSTM_BI_20251117-092935,lstm,1,lemmatize,keras_tokenizer,learned,20,256,37.09430202598742,0.7717497302389553,0.7227833894500562,0.9564071856287425,BiLSTM C10 dropout0.3
2025-11-17T14:30:42.233711+00:00,C10,C10_LSTM_BI_20251117-092935,lstm,2,lemmatize,keras_tokenizer,learned,20,256,32.40548842000135,0.7787284967426843,0.7595505617977528,0.9538606403013182,BiLSTM C10 dropout0.3
2025-11-17T14:31:12.152461+00:00,C10,C10_LSTM_BI_20251117-092935,lstm,3,lemmatize,keras_tokenizer,learned,20,256,32.32300823900732,0.7570460513403776,0.8910112359550562,0.9535486913463805,BiLSTM C10 dropout0.3
2025-11-17T14:32:54.793150+00:00,C11,C11_LSTM_BI_20251117-093214,lstm,1,stem,keras_tokenizer,learned,20,256,41.065808647996164,0.7865886208133914,0.7946127946127947,0.9586305278174037,BiLSTM C11 stem dropout0.3
2025-11-17T14:34:34.430209+00:00,C11,C11_LSTM_BI_20251117-093214,lstm,2,stem,keras_tokenizer,learned,20,256,109.0678535069892,0.7782157020485062,0.8348314606741573,0.962827097089753,BiLSTM C11 stem dropout0.3
2025-11-17T14:35:01.190645+00:00,C11,C11_LSTM_BI_20251117-093214,lstm,3,stem,keras_tokenizer,learned,20,256,28.674510151002323,0.7566988242050563,0.7752808988764045,0.9688133874239351,BiLSTM C11 stem dropout0.3
2025-11-17T14:40:34.906725+00:00,C01,C01_LSTM_20251117-094003,lstm,1,baseline,keras_tokenizer,learned,20,256,31.411057609002455,0.3181386453954739,0.052749719416386086,0.734215374309161,LSTM C01 receta cuDNN
2025-11-17T14:40:48.439622+00:00,C01,C01_LSTM_20251117-094003,lstm,2,baseline,keras_tokenizer,learned,20,256,14.646378315999755,0.31272592030551155,0.051685393258426963,0.7336683417085427,LSTM C01 receta cuDNN
2025-11-17T14:41:02.483393+00:00,C01,C01_LSTM_20251117-094003,lstm,3,baseline,keras_tokenizer,learned,20,256,14.673344504990382,0.31344012457667114,0.05393258426966292,0.7336354481369587,LSTM C01 receta cuDNN
2025-11-17T14:41:49.603079+00:00,C02,C02_LSTM_20251117-094132,lstm,1,baseline,keras_tokenizer,word2vec,20,256,16.193865912995534,0.08547992516908907,1.0,0.0,LSTM C02 receta cuDNN
2025-11-17T14:42:06.601893+00:00,C02,C02_LSTM_20251117-094132,lstm,2,baseline,keras_tokenizer,word2vec,20,256,18.096314137001173,0.3136826215962947,0.052808988764044947,0.73396952954964,LSTM C02 receta cuDNN
2025-11-17T14:42:23.687475+00:00,C02,C02_LSTM_20251117-094132,lstm,3,baseline,keras_tokenizer,word2vec,20,256,18.723635379006737,0.3142627631349436,0.051685393258426963,0.7336127409891031,LSTM C02 receta cuDNN
2025-11-17T14:43:50.324161+00:00,C03,C03_LSTM_20251117-094318,lstm,1,lemmatize,keras_tokenizer,learned,20,256,31.850680507996003,0.47534284846503577,0.8282828282828283,0.876362792855486,LSTM C03 receta cuDNN
2025-11-17T14:44:07.287914+00:00,C03,C03_LSTM_20251117-094318,lstm,2,lemmatize,keras_tokenizer,learned,20,256,18.009401900999364,0.3122886399621993,0.04719101123595506,0.7334893830463133,LSTM C03 receta cuDNN
2025-11-17T14:44:18.885000+00:00,C03,C03_LSTM_20251117-094318,lstm,3,lemmatize,keras_tokenizer,learned,20,256,12.663969392990111,0.312840319205446,0.052808988764044947,0.7335570469798658,LSTM C03 receta cuDNN
2025-11-17T14:44:47.869342+00:00,C04,C04_LSTM_20251117-094431,lstm,1,lemmatize,keras_tokenizer,word2vec,20,256,14.901118798996322,0.08547992516908907,1.0,0.0,LSTM C04 receta cuDNN
2025-11-17T14:45:07.135118+00:00,C04,C04_LSTM_20251117-094431,lstm,2,lemmatize,keras_tokenizer,word2vec,20,256,20.429147827991983,0.08557203730582036,1.0,1.0,LSTM C04 receta cuDNN
2025-11-17T14:45:40.831986+00:00,C04,C04_LSTM_20251117-094431,lstm,3,lemmatize,keras_tokenizer,word2vec,20,256,36.82637161700404,0.4667449043816121,0.6786516853932584,0.8356777493606138,LSTM C04 receta cuDNN
2025-11-17T14:46:43.730513+00:00,C05,C05_LSTM_20251117-094627,lstm,1,stem,keras_tokenizer,learned,20,256,14.341337637990364,0.08547992516908907,1.0,0.0,LSTM C05 receta cuDNN
2025-11-17T14:48:27.666413+00:00,C05,C05_LSTM_20251117-094627,lstm,2,stem,keras_tokenizer,learned,20,256,19.927436829006183,0.08573543996326133,1.0,1.0,LSTM C05 receta cuDNN
2025-11-17T14:47:17.224983+00:00,C05,C05_LSTM_20251117-094627,lstm,3,stem,keras_tokenizer,learned,20,256,16.331927869992796,0.08557203730582036,1.0,1.0,LSTM C05 receta cuDNN
2025-11-17T14:48:25.760534+00:00,C06,C06_LSTM_20251117-094758,lstm,1,stem,keras_tokenizer,word2vec,20,256,27.136598690005485,0.09080069398185597,0.9988776655443322,1.0,LSTM C06 receta cuDNN
2025-11-17T14:48:40.259121+00:00,C06,C06_LSTM_20251117-094758,lstm,2,stem,keras_tokenizer,word2vec,20,256,15.52296858599584,0.08557203730582036,1.0,1.0,LSTM C06 receta cuDNN
2025-11-17T14:50:22.884217+00:00,C06,C06_LSTM_20251117-094758,lstm,3,stem,keras_tokenizer,word2vec,20,256,18.37346289100242,0.08557203730582036,1.0,1.0,LSTM C06 receta cuDNN
2025-11-17T14:49:47.363016+00:00,C07,C07_LSTM_20251117-094917,lstm,1,baseline,keras_tokenizer,learned,20,256,29.599243905002368,0.08547992516908907,1.0,0.0,LSTM C07 receta cuDNN
2025-11-17T14:50:01.303511+00:00,C07,C07_LSTM_20251117-094917,lstm,2,baseline,keras_tokenizer,learned,20,256,14.368908007993014,0.08540856964637013,1.0,0.0,LSTM C07 receta cuDNN
2025-11-17T14:51:53.134227+00:00,C07,C07_LSTM_20251117-094917,lstm,3,baseline,keras_tokenizer,learned,20,256,28.33269685799314,0.08540856964637013,1.0,0.0,LSTM C07 receta cuDNN
2025-11-17T14:51:21.665228+00:00,C08,C08_LSTM_20251117-095103,lstm,1,baseline,keras_tokenizer,word2vec,20,256,16.50350270900526,0.08547992516908907,1.0,0.0,LSTM C08 receta cuDNN
2025-11-17T14:51:36.167490+00:00,C08,C08_LSTM_20251117-095103,lstm,2,baseline,keras_tokenizer,word2vec,20,256,15.557763759003137,0.08573543996326133,1.0,1.0,LSTM C08 receta cuDNN
2025-11-17T14:51:53.311239+00:00,C08,C08_LSTM_20251117-095103,lstm,3,baseline,keras_tokenizer,word2vec,20,256,18.808600923002814,0.08557203730582036,1.0,1.0,LSTM C08 receta cuDNN
2025-11-17T14:52:58.294517+00:00,C09,C09_LSTM_SIMPLE_20251117-095230,lstm,1,baseline,keras_tokenizer,learned,20,256,27.260575708991382,0.3162327818625093,0.04489337822671156,0.7332441918769848,LSTM C09 simple
2025-11-17T14:53:15.737212+00:00,C09,C09_LSTM_SIMPLE_20251117-095230,lstm,2,baseline,keras_tokenizer,learned,20,256,18.52996517298743,0.32014992479084664,0.06404494382022471,0.7353138637126553,LSTM C09 simple
2025-11-17T14:53:38.007523+00:00,C09,C09_LSTM_SIMPLE_20251117-095230,lstm,3,baseline,keras_tokenizer,learned,20,256,24.38047105600708,0.08557203730582036,1.0,1.0,LSTM C09 simple
2025-11-17T14:54:28.335876+00:00,C10,C10_LSTM_SIMPLE_20251117-095411,lstm,1,lemmatize,keras_tokenizer,learned,20,256,15.021743393997895,0.11570753121479134,0.07295173961840629,0.0,LSTM C10 simple
2025-11-17T14:54:50.481263+00:00,C10,C10_LSTM_SIMPLE_20251117-095411,lstm,2,lemmatize,keras_tokenizer,learned,20,256,23.764440925995586,0.49771531108084427,0.7348314606741573,0.8421926910299004,LSTM C10 simple
2025-11-17T14:55:02.376244+00:00,C10,C10_LSTM_SIMPLE_20251117-095411,lstm,3,lemmatize,keras_tokenizer,learned,20,256,13.043435009007226,0.08557203730582036,1.0,1.0,LSTM C10 simple
2025-11-17T14:55:50.810269+00:00,C11,C11_LSTM_SIMPLE_20251117-095533,lstm,1,stem,keras_tokenizer,learned,20,256,16.238393817999167,0.3113712159030268,0.04938271604938271,0.7335900870730073,LSTM C11 simple
2025-11-17T14:56:06.209918+00:00,C11,C11_LSTM_SIMPLE_20251117-095533,lstm,2,stem,keras_tokenizer,learned,20,256,16.55495542701101,0.08557203730582036,1.0,1.0,LSTM C11 simple
2025-11-17T14:56:25.288179+00:00,C11,C11_LSTM_SIMPLE_20251117-095533,lstm,3,stem,keras_tokenizer,learned,20,256,20.688581151000108,0.08872711275957222,1.0,1.0,LSTM C11 simple
2025-11-17T14:58:12.726813+00:00,C01,C01_GRU_SIMPLE_20251117-095754,gru,1,baseline,keras_tokenizer,learned,20,256,16.86472006799886,0.08547992516908907,1.0,0.0,GRU simple C01
2025-11-17T14:58:27.513642+00:00,C01,C01_GRU_SIMPLE_20251117-095754,gru,2,baseline,keras_tokenizer,learned,20,256,15.904127542002243,0.08589877766682961,1.0,1.0,GRU simple C01
2025-11-17T14:58:41.353052+00:00,C01,C01_GRU_SIMPLE_20251117-095754,gru,3,baseline,keras_tokenizer,learned,20,256,14.373413950001122,0.3141247056595102,0.051685393258426963,0.7335233942646319,GRU simple C01
2025-11-17T15:04:34.430203+00:00,C02,C02_GRU_SIMPLE_20251117-100241,gru,1,baseline,keras_tokenizer,word2vec,20,256,25.815800837008283,0.09344362488884428,0.9988776655443322,0.8571428571428571,GRU simple C02
2025-11-17T15:03:20.370810+00:00,C02,C02_GRU_SIMPLE_20251117-100241,gru,2,baseline,keras_tokenizer,word2vec,20,256,14.01395851399866,0.08557203730582036,1.0,1.0,GRU simple C02
2025-11-17T15:05:04.495535+00:00,C02,C02_GRU_SIMPLE_20251117-100241,gru,3,baseline,keras_tokenizer,word2vec,20,256,18.270699030006654,0.31890199216116005,0.058426966292134834,0.7342962714141753,GRU simple C02
2025-11-17T15:06:09.562760+00:00,C03,C03_GRU_SIMPLE_20251117-100554,gru,1,lemmatize,keras_tokenizer,learned,20,256,13.445976378003252,0.08629664758897988,1.0,1.0,GRU simple C03
2025-11-17T15:04:52.328078+00:00,C03,C03_GRU_SIMPLE_20251117-100554,gru,2,lemmatize,keras_tokenizer,learned,20,256,10.464283865992911,0.08751443579864654,1.0,1.0,GRU simple C03
2025-11-17T15:05:07.512086+00:00,C03,C03_GRU_SIMPLE_20251117-100554,gru,3,lemmatize,keras_tokenizer,learned,20,256,16.79948682799295,0.31589366969011806,0.056179775280898875,0.7341389728096677,GRU simple C03
2025-11-17T15:05:53.063845+00:00,C04,C04_GRU_SIMPLE_20251117-100534,gru,1,lemmatize,keras_tokenizer,word2vec,20,256,17.577956809007446,0.08613343291476179,1.0,1.0,GRU simple C04
2025-11-17T15:06:06.967882+00:00,C04,C04_GRU_SIMPLE_20251117-100534,gru,2,lemmatize,keras_tokenizer,word2vec,20,256,14.539548019005451,0.08557203730582036,1.0,1.0,GRU simple C04
2025-11-17T15:06:18.615507+00:00,C04,C04_GRU_SIMPLE_20251117-100534,gru,3,lemmatize,keras_tokenizer,word2vec,20,256,12.7288874520018,0.08646268563095093,1.0,1.0,GRU simple C04
2025-11-17T15:07:02.060387+00:00,C05,C05_GRU_SIMPLE_20251117-100648,gru,1,stem,keras_tokenizer,learned,20,256,11.964470507999067,0.08725892029627834,1.0,0.0,GRU simple C05
2025-11-17T15:07:11.813504+00:00,C05,C05_GRU_SIMPLE_20251117-100648,gru,2,stem,keras_tokenizer,learned,20,256,10.326760212992667,0.08540856964637013,1.0,0.0,GRU simple C05
2025-11-17T15:07:21.946582+00:00,C05,C05_GRU_SIMPLE_20251117-100648,gru,3,stem,keras_tokenizer,learned,20,256,10.721236229001079,0.08540856964637013,1.0,0.0,GRU simple C05
2025-11-17T15:08:20.992617+00:00,C06,C06_GRU_SIMPLE_20251117-100806,gru,1,stem,keras_tokenizer,word2vec,20,256,13.325418102002004,0.08547992516908907,1.0,0.0,GRU simple C06
2025-11-17T15:08:41.745979+00:00,C06,C06_GRU_SIMPLE_20251117-100806,gru,2,stem,keras_tokenizer,word2vec,20,256,22.414556723990245,0.32180898669637464,0.06292134831460675,0.7354568315171836,GRU simple C06
2025-11-17T15:08:58.932228+00:00,C06,C06_GRU_SIMPLE_20251117-100806,gru,3,stem,keras_tokenizer,word2vec,20,256,18.78713174900622,0.31637728581977537,0.05393258426966292,0.7337695017614494,GRU simple C06
2025-11-17T15:10:50.920876+00:00,C07,C07_GRU_SIMPLE_20251117-101027,gru,1,baseline,keras_tokenizer,learned,20,256,21.794386585999746,0.08549222797927462,1.0,0.0,GRU simple C07
2025-11-17T15:11:03.213483+00:00,C07,C07_GRU_SIMPLE_20251117-101027,gru,2,baseline,keras_tokenizer,learned,20,256,13.280710940001882,0.08540856964637013,1.0,0.0,GRU simple C07
2025-11-17T15:11:29.235997+00:00,C07,C07_GRU_SIMPLE_20251117-101027,gru,3,baseline,keras_tokenizer,learned,20,256,28.028369765001116,0.08557203730582036,1.0,1.0,GRU simple C07
2025-11-17T15:12:17.648646+00:00,C08,C08_GRU_SIMPLE_20251117-101159,gru,1,baseline,keras_tokenizer,word2vec,20,256,17.303169267004705,0.08547992516908907,1.0,0.0,GRU simple C08
2025-11-17T15:12:35.612394+00:00,C08,C08_GRU_SIMPLE_20251117-101159,gru,2,baseline,keras_tokenizer,word2vec,20,256,19.064597182004945,0.31693069158539894,0.058426966292134834,0.7347417840375586,GRU simple C08
2025-11-17T15:12:52.136992+00:00,C08,C08_GRU_SIMPLE_20251117-101159,gru,3,baseline,keras_tokenizer,word2vec,20,256,18.150339232000988,0.3205174181436459,0.06404494382022471,0.7348382749326146,GRU simple C08
2025-11-17T15:14:16.500931+00:00,C09,C09_GRU_SIMPLE_20251117-101357,gru,1,baseline,keras_tokenizer,learned,20,256,17.24970256400411,0.3123236770306342,0.050505050505050504,0.7338912133891213,GRU simple C09
2025-11-17T15:14:30.114474+00:00,C09,C09_GRU_SIMPLE_20251117-101357,gru,2,baseline,keras_tokenizer,learned,20,256,14.74267325999972,0.08589877766682961,1.0,1.0,GRU simple C09
2025-11-17T15:14:47.621994+00:00,C09,C09_GRU_SIMPLE_20251117-101357,gru,3,baseline,keras_tokenizer,learned,20,256,19.08991680300096,0.08784106048232541,1.0,1.0,GRU simple C09
2025-11-17T15:17:00.410508+00:00,C10,C10_GRU_SIMPLE_20251117-101639,gru,1,lemmatize,keras_tokenizer,learned,20,256,20.171526598991477,0.31177931721737123,0.04938271604938271,0.7338574774171964,GRU simple C10
2025-11-17T15:17:16.416120+00:00,C10,C10_GRU_SIMPLE_20251117-101639,gru,2,lemmatize,keras_tokenizer,learned,20,256,17.118344026996056,0.31027313156290165,0.04719101123595506,0.733355637336902,GRU simple C10
2025-11-17T15:17:30.888170+00:00,C10,C10_GRU_SIMPLE_20251117-101639,gru,3,lemmatize,keras_tokenizer,learned,20,256,15.515149751008721,0.311633251636639,0.05056179775280899,0.7334004024144869,GRU simple C10
2025-11-17T15:19:29.160764+00:00,C11,C11_GRU_SIMPLE_20251117-101747,gru,1,stem,keras_tokenizer,learned,20,256,109.68096302100457,0.08613343291476179,1.0,1.0,GRU simple C11
2025-11-17T15:19:48.303618+00:00,C11,C11_GRU_SIMPLE_20251117-101747,gru,2,stem,keras_tokenizer,learned,20,256,20.755973470993922,0.3214691144526022,0.06292134831460675,0.7352793155510821,GRU simple C11
2025-11-17T15:20:12.840306+00:00,C11,C11_GRU_SIMPLE_20251117-101747,gru,3,stem,keras_tokenizer,learned,20,256,26.594919349998236,0.31472468170787254,0.043820224719101124,0.7335564853556485,GRU simple C11
2025-11-17T15:21:34.243368+00:00,C10,C10_GRU_SIMPLE_20251117-102120_retry,gru,1,lemmatize,keras_tokenizer,learned,20,256,11.725944189995062,0.08547992516908907,1.0,0.0,GRU simple C10 retry
2025-11-17T15:21:59.638442+00:00,C10,C10_GRU_SIMPLE_20251117-102120_retry,gru,2,lemmatize,keras_tokenizer,learned,20,256,27.47570988899679,0.30660212314899266,0.03258426966292135,0.7335114376356654,GRU simple C10 retry
2025-11-17T15:22:19.111290+00:00,C10,C10_GRU_SIMPLE_20251117-102120_retry,gru,3,lemmatize,keras_tokenizer,learned,20,256,21.034371982997982,0.31636098031505394,0.0550561797752809,0.7339034205231388,GRU simple C10 retry
2025-11-17T15:25:57.214193+00:00,C02,C02_SRN_BI_20251117-102515_retry,simple_rnn,1,baseline,keras_tokenizer,word2vec,30,256,42.42992104899895,0.7618369827142555,0.8226711560044894,0.9282894736842106,Bidirectional SimpleRNN C02 rerun
2025-11-17T15:26:33.801375+00:00,C02,C02_SRN_BI_20251117-102515_retry,simple_rnn,2,baseline,keras_tokenizer,word2vec,30,256,39.14249215699965,0.739603736457603,0.7887640449438202,0.9295114878429623,Bidirectional SimpleRNN C02 rerun
2025-11-17T15:27:09.475174+00:00,C02,C02_SRN_BI_20251117-102515_retry,simple_rnn,3,baseline,keras_tokenizer,word2vec,30,256,38.2911865030037,0.7505548691434926,0.7853932584269663,0.9258609344154419,Bidirectional SimpleRNN C02 rerun
2025-11-17T15:44:41.192606+00:00,C03,C03_SRN_BI_20251117-104355,simple_rnn,1,lemmatize,keras_tokenizer,learned,30,256,43.464138765993994,0.7591652112857529,0.8552188552188552,0.9410828025477707,Bidirectional SimpleRNN C03
2025-11-17T15:45:18.787973+00:00,C03,C03_SRN_BI_20251117-104355,simple_rnn,2,lemmatize,keras_tokenizer,learned,30,256,40.72757135100255,0.7339008667140926,0.7685393258426966,0.9291390728476822,Bidirectional SimpleRNN C03
2025-11-17T15:45:55.047699+00:00,C03,C03_SRN_BI_20251117-104355,simple_rnn,3,lemmatize,keras_tokenizer,learned,30,256,38.92127094100579,0.7609792008406416,0.8348314606741573,0.9326517003778617,Bidirectional SimpleRNN C03
2025-11-17T15:49:58.464902+00:00,C04,C04_SRN_BI_20251117-104744,simple_rnn,1,lemmatize,keras_tokenizer,word2vec,30,256,42.57536833800259,0.7650210196019692,0.8540965207631874,0.9382135661517798,Bidirectional SimpleRNN C04
2025-11-17T15:49:04.685197+00:00,C04,C04_SRN_BI_20251117-104744,simple_rnn,2,lemmatize,keras_tokenizer,word2vec,30,256,41.323988712989376,0.7516412625285471,0.798876404494382,0.9271770125027419,Bidirectional SimpleRNN C04
2025-11-17T15:51:18.066116+00:00,C04,C04_SRN_BI_20251117-104744,simple_rnn,3,lemmatize,keras_tokenizer,word2vec,30,256,42.02255856100237,0.7317437555764726,0.7359550561797753,0.9359892569382274,Bidirectional SimpleRNN C04
2025-11-17T15:50:49.971703+00:00,C05,C05_SRN_BI_20251117-105004,simple_rnn,1,stem,keras_tokenizer,learned,30,256,42.39789001499594,0.7414206498219965,0.8013468013468014,0.9390770629688565,Bidirectional SimpleRNN C05
2025-11-17T15:51:35.267275+00:00,C05,C05_SRN_BI_20251117-105004,simple_rnn,2,stem,keras_tokenizer,learned,30,256,44.54625592699449,0.7487916065946699,0.7629213483146068,0.9340392675932054,Bidirectional SimpleRNN C05
2025-11-17T15:52:14.738029+00:00,C05,C05_SRN_BI_20251117-105004,simple_rnn,3,stem,keras_tokenizer,learned,30,256,38.66671125899302,0.7606686783054141,0.8044943820224719,0.9240616185723585,Bidirectional SimpleRNN C05
2025-11-17T15:53:26.111940+00:00,C06,C06_SRN_BI_20251117-105236,simple_rnn,1,stem,keras_tokenizer,word2vec,30,256,46.699412921996554,0.7537842577473212,0.8608305274971941,0.9397781299524565,Bidirectional SimpleRNN C06
2025-11-17T15:54:14.213302+00:00,C06,C06_SRN_BI_20251117-105236,simple_rnn,2,stem,keras_tokenizer,word2vec,30,256,47.33561834899592,0.7364997534728847,0.7303370786516854,0.9343065693430657,Bidirectional SimpleRNN C06
2025-11-17T15:54:57.420469+00:00,C06,C06_SRN_BI_20251117-105236,simple_rnn,3,stem,keras_tokenizer,word2vec,30,256,42.279570601996966,0.7456226609086065,0.8033707865168539,0.9399776035834266,Bidirectional SimpleRNN C06
2025-11-17T15:56:14.642757+00:00,C07,C07_SRN_BI_20251117-105520,simple_rnn,1,baseline,keras_tokenizer,learned,30,256,50.63491777901072,0.7455533015667499,0.7822671156004489,0.9306577480490524,Bidirectional SimpleRNN C07
2025-11-17T15:57:07.153610+00:00,C07,C07_SRN_BI_20251117-105520,simple_rnn,2,baseline,keras_tokenizer,learned,30,256,51.66946612000174,0.7521725013752515,0.8348314606741573,0.9302895322939866,Bidirectional SimpleRNN C07
2025-11-17T15:57:58.107347+00:00,C07,C07_SRN_BI_20251117-105520,simple_rnn,3,baseline,keras_tokenizer,learned,30,256,50.02798238200194,0.7543136674951006,0.8078651685393259,0.9395033860045147,Bidirectional SimpleRNN C07
2025-11-17T16:00:34.563886+00:00,C08,C08_SRN_BI_20251117-105818,simple_rnn,1,baseline,keras_tokenizer,word2vec,30,256,39.684210421008174,0.7431392271407837,0.7755331088664422,0.9262693156732892,Bidirectional SimpleRNN C08
2025-11-17T15:59:38.514525+00:00,C08,C08_SRN_BI_20251117-105818,simple_rnn,2,baseline,keras_tokenizer,word2vec,30,256,36.838832454013755,0.7322783197675383,0.7955056179775281,0.9395189003436426,Bidirectional SimpleRNN C08
2025-11-17T16:00:20.754672+00:00,C08,C08_SRN_BI_20251117-105818,simple_rnn,3,baseline,keras_tokenizer,word2vec,30,256,41.48422344199207,0.7552022304836964,0.7741573033707865,0.9297629499561019,Bidirectional SimpleRNN C08
2025-11-17T16:01:26.494837+00:00,C09,C09_SRN_BI_20251117-110041,simple_rnn,1,baseline,keras_tokenizer,learned,30,256,41.65850813499128,0.7269861726856383,0.7407407407407407,0.9258605472197705,Bidirectional SimpleRNN C09
2025-11-17T16:02:01.107758+00:00,C09,C09_SRN_BI_20251117-110041,simple_rnn,2,baseline,keras_tokenizer,learned,30,256,33.841572359000565,0.7586206999011051,0.8426966292134831,0.9270216962524654,Bidirectional SimpleRNN C09
2025-11-17T16:02:36.610111+00:00,C09,C09_SRN_BI_20251117-110041,simple_rnn,3,baseline,keras_tokenizer,learned,30,256,34.73767746899102,0.7572154071324532,0.851685393258427,0.9396124380351509,Bidirectional SimpleRNN C09
2025-11-17T16:03:38.100513+00:00,C10,C10_SRN_BI_20251117-110259,simple_rnn,1,lemmatize,keras_tokenizer,learned,30,256,35.65541290699912,0.7380833401556613,0.8619528619528619,0.9338382713299176,Bidirectional SimpleRNN C10
2025-11-17T16:04:21.572996+00:00,C10,C10_SRN_BI_20251117-110259,simple_rnn,2,lemmatize,keras_tokenizer,learned,30,256,42.73751712299418,0.7546468189439111,0.7887640449438202,0.9348599377501111,Bidirectional SimpleRNN C10
2025-11-17T16:04:57.897412+00:00,C10,C10_SRN_BI_20251117-110259,simple_rnn,3,lemmatize,keras_tokenizer,learned,30,256,35.553845217989874,0.762655171423449,0.8067415730337079,0.9299627927336398,Bidirectional SimpleRNN C10
2025-11-17T16:06:14.407355+00:00,C11,C11_SRN_BI_20251117-110521,simple_rnn,1,stem,keras_tokenizer,learned,30,256,49.63422876500408,0.7595504719589116,0.8092031425364759,0.9288859533245266,Bidirectional SimpleRNN C11
2025-11-17T16:06:59.086634+00:00,C11,C11_SRN_BI_20251117-110521,simple_rnn,2,stem,keras_tokenizer,learned,30,256,43.90898736100644,0.7492229034305633,0.8078651685393259,0.9316032548933363,Bidirectional SimpleRNN C11
2025-11-17T16:07:39.131247+00:00,C11,C11_SRN_BI_20251117-110521,simple_rnn,3,stem,keras_tokenizer,learned,30,256,39.2729110650107,0.7462800805383987,0.8067415730337079,0.9404216315307058,Bidirectional SimpleRNN C11
2025-11-17T16:11:23.272789+00:00,C02,C02_LSTM_BI_20251117-111045,lstm,1,baseline,keras_tokenizer,word2vec,30,256,34.00642385300307,0.7902546116794267,0.8282828282828283,0.9617864819679962,Bidirectional LSTM C02
2025-11-17T16:11:54.092537+00:00,C02,C02_LSTM_BI_20251117-111045,lstm,2,baseline,keras_tokenizer,word2vec,30,256,30.31265910899674,0.782894470270433,0.8179775280898877,0.9641906605371401,Bidirectional LSTM C02
2025-11-17T16:12:23.822755+00:00,C02,C02_LSTM_BI_20251117-111045,lstm,3,baseline,keras_tokenizer,word2vec,30,256,29.236090583988698,0.7827922174349283,0.8213483146067416,0.9643809062272838,Bidirectional LSTM C02
2025-11-17T16:13:54.236448+00:00,C03,C03_LSTM_BI_20251117-111320,lstm,1,lemmatize,keras_tokenizer,learned,30,256,31.25456797100196,0.7761326707988211,0.8002244668911336,0.9624847746650427,Bidirectional LSTM C03
2025-11-17T16:14:29.442649+00:00,C03,C03_LSTM_BI_20251117-111320,lstm,2,lemmatize,keras_tokenizer,learned,30,256,34.70557043899316,0.7921438597430798,0.8359550561797753,0.9646745705298815,Bidirectional LSTM C03
2025-11-17T16:14:56.800991+00:00,C03,C03_LSTM_BI_20251117-111320,lstm,3,lemmatize,keras_tokenizer,learned,30,256,26.904055266000796,0.7778072941128781,0.8303370786516854,0.9658644400785854,Bidirectional LSTM C03
2025-11-17T16:15:54.750605+00:00,C04,C04_LSTM_BI_20251117-111519,lstm,1,lemmatize,keras_tokenizer,word2vec,30,256,32.58190790200024,0.7891698707337312,0.8439955106621774,0.9587188612099644,Bidirectional LSTM C04
2025-11-17T16:16:23.674862+00:00,C04,C04_LSTM_BI_20251117-111519,lstm,2,lemmatize,keras_tokenizer,word2vec,30,256,28.358969948007143,0.7743331206784875,0.7561797752808989,0.9627011214041931,Bidirectional LSTM C04
2025-11-17T16:16:56.214997+00:00,C04,C04_LSTM_BI_20251117-111519,lstm,3,lemmatize,keras_tokenizer,word2vec,30,256,31.951690785004757,0.78163140750901,0.8191011235955056,0.9587264150943396,Bidirectional LSTM C04
2025-11-17T16:17:56.392819+00:00,C05,C05_LSTM_BI_20251117-111722,lstm,1,stem,keras_tokenizer,learned,30,256,30.94504454699927,0.7803586704105653,0.7710437710437711,0.9553297092885843,Bidirectional LSTM C05
2025-11-17T16:18:20.750110+00:00,C05,C05_LSTM_BI_20251117-111722,lstm,2,stem,keras_tokenizer,learned,30,256,23.81840474999626,0.7705846036398176,0.7674157303370787,0.9579851993315828,Bidirectional LSTM C05
2025-11-17T16:18:47.497192+00:00,C05,C05_LSTM_BI_20251117-111722,lstm,3,stem,keras_tokenizer,learned,30,256,26.27541609000764,0.7688381529754159,0.8617977528089887,0.9529633113828786,Bidirectional LSTM C05
2025-11-17T16:21:47.829897+00:00,C06,C06_LSTM_BI_20251117-112114,lstm,1,stem,keras_tokenizer,word2vec,30,256,30.750902499989024,0.7800266005810862,0.8170594837261503,0.9703043801039347,Bidirectional LSTM C06
2025-11-17T16:22:20.539012+00:00,C06,C06_LSTM_BI_20251117-112114,lstm,2,stem,keras_tokenizer,word2vec,30,256,32.20534271700308,0.785893005977464,0.8573033707865169,0.9641136801541426,Bidirectional LSTM C06
2025-11-17T16:22:47.766632+00:00,C06,C06_LSTM_BI_20251117-112114,lstm,3,stem,keras_tokenizer,word2vec,30,256,26.707718570003635,0.756973620528871,0.8573033707865169,0.9591836734693877,Bidirectional LSTM C06
2025-11-17T16:24:13.951658+00:00,C07,C07_LSTM_BI_20251117-112328,lstm,1,baseline,keras_tokenizer,learned,30,256,42.55490515400015,0.7942437118357307,0.8125701459034792,0.9547046462759747,Bidirectional LSTM C07
2025-11-17T16:24:48.151543+00:00,C07,C07_LSTM_BI_20251117-112328,lstm,2,baseline,keras_tokenizer,learned,30,256,33.59526938300405,0.7821651092299565,0.8269662921348314,0.9621504339440694,Bidirectional LSTM C07
2025-11-17T16:25:29.689514+00:00,C07,C07_LSTM_BI_20251117-112328,lstm,3,baseline,keras_tokenizer,learned,30,256,40.825625993005815,0.7686879141410975,0.7719101123595505,0.9667905824039653,Bidirectional LSTM C07
2025-11-17T16:26:36.087420+00:00,C08,C08_LSTM_BI_20251117-112602,lstm,1,baseline,keras_tokenizer,word2vec,30,256,30.394851106000715,0.7830388566900662,0.8159371492704826,0.9640201487167186,Bidirectional LSTM C08
2025-11-17T16:27:07.559089+00:00,C08,C08_LSTM_BI_20251117-112602,lstm,2,baseline,keras_tokenizer,word2vec,30,256,30.93285407499934,0.7788099866322119,0.7303370786516854,0.9559032716927454,Bidirectional LSTM C08
2025-11-17T16:27:36.578448+00:00,C08,C08_LSTM_BI_20251117-112602,lstm,3,baseline,keras_tokenizer,word2vec,30,256,28.4532105219987,0.7868407671195702,0.8191011235955056,0.9587188612099644,Bidirectional LSTM C08
2025-11-17T16:28:41.904312+00:00,C09,C09_LSTM_BI_20251117-112809,lstm,1,baseline,keras_tokenizer,learned,30,256,29.194353555998532,0.773850996641083,0.7441077441077442,0.9462638376383764,Bidirectional LSTM C09
2025-11-17T16:29:08.400366+00:00,C09,C09_LSTM_BI_20251117-112809,lstm,2,baseline,keras_tokenizer,learned,30,256,25.92832870701386,0.77277354826793,0.8,0.959581202824446,Bidirectional LSTM C09
2025-11-17T16:29:35.342833+00:00,C09,C09_LSTM_BI_20251117-112809,lstm,3,baseline,keras_tokenizer,learned,30,256,26.40478332999919,0.7805416093678548,0.8078651685393259,0.9591397849462365,Bidirectional LSTM C09
2025-11-17T16:30:50.594110+00:00,C10,C10_LSTM_BI_20251117-113019,lstm,1,lemmatize,keras_tokenizer,learned,30,256,28.646295639002346,0.7713298604899771,0.7676767676767676,0.957753240518483,Bidirectional LSTM C10
2025-11-17T16:31:25.349178+00:00,C10,C10_LSTM_BI_20251117-113019,lstm,2,lemmatize,keras_tokenizer,learned,30,256,34.27206623199163,0.7892673360369656,0.8337078651685393,0.9584905660377359,Bidirectional LSTM C10
2025-11-17T16:31:52.852941+00:00,C10,C10_LSTM_BI_20251117-113019,lstm,3,lemmatize,keras_tokenizer,learned,30,256,26.958123407996027,0.7484786830418981,0.8943820224719101,0.9641612742658039,Bidirectional LSTM C10
2025-11-17T16:32:42.967099+00:00,C11,C11_LSTM_BI_20251117-113215,lstm,1,stem,keras_tokenizer,learned,30,256,24.62092063500313,0.7677194868229025,0.8226711560044894,0.9631077449303689,Bidirectional LSTM C11
2025-11-17T16:33:12.351957+00:00,C11,C11_LSTM_BI_20251117-113215,lstm,2,stem,keras_tokenizer,learned,30,256,28.763650332999532,0.778184395915944,0.8303370786516854,0.9671036359139253,Bidirectional LSTM C11
2025-11-17T16:33:41.676812+00:00,C11,C11_LSTM_BI_20251117-113215,lstm,3,stem,keras_tokenizer,learned,30,256,28.728626579992124,0.7555479181767152,0.8617977528089887,0.9628799202790235,Bidirectional LSTM C11
2025-11-17T16:37:39.180710+00:00,C01,C01_GRU_BI_20251117-113707,gru,1,baseline,keras_tokenizer,learned,30,256,28.371573583994177,0.7664178035328163,0.7631874298540965,0.9609184171958964,Bidirectional GRU C01
2025-11-17T16:38:08.225571+00:00,C01,C01_GRU_BI_20251117-113707,gru,2,baseline,keras_tokenizer,learned,30,256,28.562608425010694,0.7679800737896082,0.801123595505618,0.9529439583825964,Bidirectional GRU C01
2025-11-17T16:38:34.308764+00:00,C01,C01_GRU_BI_20251117-113707,gru,3,baseline,keras_tokenizer,learned,30,256,25.502019299005042,0.7509519335356251,0.7808988764044944,0.9493032196059586,Bidirectional GRU C01
2025-11-17T16:43:14.234759+00:00,C02,C02_GRU_BI_20251117-114101,gru,1,baseline,keras_tokenizer,word2vec,30,256,31.68503993700142,0.762123932875297,0.7609427609427609,0.9472573839662447,Bidirectional GRU C02
2025-11-17T16:42:06.005373+00:00,C02,C02_GRU_BI_20251117-114101,gru,2,baseline,keras_tokenizer,word2vec,30,256,29.689005249994807,0.7650440862441396,0.801123595505618,0.9483600837404047,Bidirectional GRU C02
2025-11-17T16:42:32.143556+00:00,C02,C02_GRU_BI_20251117-114101,gru,3,baseline,keras_tokenizer,word2vec,30,256,25.580758063995745,0.7730386210019008,0.8606741573033708,0.9670138888888888,Bidirectional GRU C02
2025-11-17T16:47:03.319508+00:00,C03,C03_GRU_BI_20251117-114625,gru,1,lemmatize,keras_tokenizer,learned,30,256,33.83047613198869,0.7572463048613481,0.7149270482603816,0.9437993497445425,Bidirectional GRU C03
2025-11-17T16:47:25.879531+00:00,C03,C03_GRU_BI_20251117-114625,gru,2,lemmatize,keras_tokenizer,learned,30,256,21.88485342799686,0.7660368095775331,0.7966292134831461,0.9455091202955438,Bidirectional GRU C03
2025-11-17T16:47:53.338944+00:00,C03,C03_GRU_BI_20251117-114625,gru,3,lemmatize,keras_tokenizer,learned,30,256,26.98552121099783,0.7751145263820979,0.7921348314606742,0.9616127474649928,Bidirectional GRU C03
2025-11-17T16:48:35.695361+00:00,C04,C04_GRU_BI_20251117-114804,gru,1,lemmatize,keras_tokenizer,word2vec,30,256,28.02145104399824,0.7673067095757412,0.7586980920314254,0.9538534728829686,Bidirectional GRU C04
2025-11-17T16:49:02.892433+00:00,C04,C04_GRU_BI_20251117-114804,gru,2,lemmatize,keras_tokenizer,word2vec,30,256,26.873267709001084,0.7794524738470975,0.7966292134831461,0.9531360946745562,Bidirectional GRU C04
2025-11-17T16:49:32.421936+00:00,C04,C04_GRU_BI_20251117-114804,gru,3,lemmatize,keras_tokenizer,word2vec,30,256,28.99531264300458,0.7759372282703249,0.8101123595505618,0.9591202486253885,Bidirectional GRU C04
2025-11-17T16:59:02.281440+00:00,C05,C05_GRU_BI_20251117-115826,gru,1,stem,keras_tokenizer,learned,30,256,31.009148928991635,0.7687228918738255,0.8496071829405163,0.9607272727272728,Bidirectional GRU C05
2025-11-17T16:59:31.883606+00:00,C05,C05_GRU_BI_20251117-115826,gru,2,stem,keras_tokenizer,learned,30,256,29.081362393000745,0.7736396868622967,0.8314606741573034,0.9615291555770626,Bidirectional GRU C05
2025-11-17T16:59:56.410670+00:00,C05,C05_GRU_BI_20251117-115826,gru,3,stem,keras_tokenizer,learned,30,256,24.0465101699956,0.7629732034779392,0.8640449438202247,0.9610675808031341,Bidirectional GRU C05
2025-11-17T17:00:45.515011+00:00,C06,C06_GRU_BI_20251117-120012,gru,1,stem,keras_tokenizer,word2vec,30,256,30.02706202599802,0.7663566804735735,0.7620650953984287,0.9545886828340466,Bidirectional GRU C06
2025-11-17T17:01:14.730574+00:00,C06,C06_GRU_BI_20251117-120012,gru,2,stem,keras_tokenizer,word2vec,30,256,28.720593794001616,0.7765572902609003,0.8235955056179776,0.9604247104247104,Bidirectional GRU C06
2025-11-17T17:01:44.780113+00:00,C06,C06_GRU_BI_20251117-120012,gru,3,stem,keras_tokenizer,word2vec,30,256,29.537831428999198,0.7553060634661034,0.7775280898876404,0.9508552156106962,Bidirectional GRU C06
2025-11-17T17:03:20.480050+00:00,C07,C07_GRU_BI_20251117-120243,gru,1,baseline,keras_tokenizer,learned,30,256,33.978486976993736,0.7671800823057443,0.77665544332211,0.9561234329797492,Bidirectional GRU C07
2025-11-17T17:05:36.602775+00:00,C07,C07_GRU_BI_20251117-120243,gru,2,baseline,keras_tokenizer,learned,30,256,34.77339670299261,0.7775034103718808,0.8112359550561797,0.9490816089281563,Bidirectional GRU C07
2025-11-17T17:04:28.893061+00:00,C07,C07_GRU_BI_20251117-120243,gru,3,baseline,keras_tokenizer,learned,30,256,32.51186911799596,0.7654691687786909,0.7764044943820225,0.9664846077457795,Bidirectional GRU C07
2025-11-17T17:18:07.812452+00:00,C08,C08_GRU_BI_20251117-121547,gru,1,baseline,keras_tokenizer,word2vec,30,256,32.139706255999045,0.7687321299206354,0.8092031425364759,0.958565543978677,Bidirectional GRU C08
2025-11-17T17:16:50.326855+00:00,C08,C08_GRU_BI_20251117-121547,gru,2,baseline,keras_tokenizer,word2vec,30,256,24.17232462600805,0.7857956146660126,0.7820224719101123,0.9522706209453198,Bidirectional GRU C08
2025-11-17T17:17:19.194401+00:00,C08,C08_GRU_BI_20251117-121547,gru,3,baseline,keras_tokenizer,word2vec,30,256,28.38522859099612,0.7668546274678714,0.7674157303370787,0.9477246207701283,Bidirectional GRU C08
2025-11-17T17:19:01.654514+00:00,C09,C09_GRU_BI_20251117-121832,gru,1,baseline,keras_tokenizer,learned,30,256,24.06140220099769,0.761142851547452,0.8484848484848485,0.953158779726159,Bidirectional GRU C09
2025-11-17T17:19:24.343933+00:00,C09,C09_GRU_BI_20251117-121832,gru,2,baseline,keras_tokenizer,learned,30,256,22.129447600003914,0.7505332280807012,0.8213483146067416,0.9468235294117647,Bidirectional GRU C09
2025-11-17T17:19:51.369483+00:00,C09,C09_GRU_BI_20251117-121832,gru,3,baseline,keras_tokenizer,learned,30,256,26.47723614399729,0.7694681503122912,0.8101123595505618,0.9623011015911873,Bidirectional GRU C09
2025-11-17T17:21:22.132324+00:00,C10,C10_GRU_BI_20251117-122047,gru,1,lemmatize,keras_tokenizer,learned,30,256,31.6327950470004,0.7566365925075438,0.7542087542087542,0.9270787016451756,Bidirectional GRU C10
2025-11-17T17:21:59.272874+00:00,C10,C10_GRU_BI_20251117-122047,gru,2,lemmatize,keras_tokenizer,learned,30,256,36.59792810698855,0.7646258206104323,0.8224719101123595,0.9548185532323961,Bidirectional GRU C10
2025-11-17T17:22:29.378562+00:00,C10,C10_GRU_BI_20251117-122047,gru,3,lemmatize,keras_tokenizer,learned,30,256,29.60578132100636,0.7615581193726301,0.751685393258427,0.9622503653190453,Bidirectional GRU C10
2025-11-17T17:23:48.088200+00:00,C11,C11_GRU_BI_20251117-122312,gru,1,stem,keras_tokenizer,learned,30,256,31.620409044990083,0.7666515693998662,0.813692480359147,0.963766329800345,Bidirectional GRU C11
2025-11-17T17:24:15.849208+00:00,C11,C11_GRU_BI_20251117-122312,gru,2,stem,keras_tokenizer,learned,30,256,27.179128745992784,0.7614127243483794,0.8662921348314607,0.9658162001486252,Bidirectional GRU C11
2025-11-17T17:24:48.107670+00:00,C11,C11_GRU_BI_20251117-122312,gru,3,stem,keras_tokenizer,learned,30,256,31.72431645100005,0.7689968990817642,0.7910112359550562,0.9518615129238795,Bidirectional GRU C11
2025-11-17T19:36:33.513248+00:00,C01,C01_LSTM_20251117-143604,lstm,1,baseline,keras_tokenizer,learned,20,128,24.113670380000258,0.31848311807138363,0.06285072951739619,0.7350269179004038,arch_update
2025-11-17T19:36:59.581937+00:00,C01,C01_LSTM_20251117-143604,lstm,2,baseline,keras_tokenizer,learned,20,128,25.467673896986526,0.31279520304915925,0.051685393258426963,0.7337129459052085,arch_update
2025-11-17T19:37:25.138740+00:00,C01,C01_LSTM_20251117-143604,lstm,3,baseline,keras_tokenizer,learned,20,128,24.935799074999522,0.08751443579864654,1.0,1.0,arch_update
2025-11-17T19:37:51.251984+00:00,C02,C02_LSTM_20251117-143726,lstm,1,baseline,keras_tokenizer,word2vec,20,128,20.725206928997068,0.10239590474884593,0.04713804713804714,0.0,arch_update
2025-11-17T19:38:27.757523+00:00,C02,C02_LSTM_20251117-143726,lstm,2,baseline,keras_tokenizer,word2vec,20,128,36.022569478998776,0.08606205046462036,1.0,1.0,arch_update
2025-11-17T19:38:50.436532+00:00,C02,C02_LSTM_20251117-143726,lstm,3,baseline,keras_tokenizer,word2vec,20,128,22.103281606003293,0.31223803326371646,0.051685393258426963,0.7334786984233479,arch_update
2025-11-17T19:39:28.829245+00:00,C03,C03_LSTM_20251117-143851,lstm,1,lemmatize,keras_tokenizer,learned,20,128,34.769510496000294,0.0909034391482557,1.0,1.0,arch_update
2025-11-17T19:39:57.042555+00:00,C03,C03_LSTM_20251117-143851,lstm,2,lemmatize,keras_tokenizer,learned,20,128,27.608714399000746,0.32385944467946093,0.07303370786516854,0.7357058525889695,arch_update
2025-11-17T19:40:20.002973+00:00,C03,C03_LSTM_20251117-143851,lstm,3,lemmatize,keras_tokenizer,learned,20,128,22.424565416004043,0.32355719566176927,0.07415730337078652,0.7359607577807848,arch_update
2025-11-17T19:40:50.154101+00:00,C04,C04_LSTM_20251117-144020,lstm,1,lemmatize,keras_tokenizer,word2vec,20,128,26.44033769899397,0.08580680894785513,1.0,1.0,arch_update
2025-11-17T19:41:45.445219+00:00,C04,C04_LSTM_20251117-144020,lstm,2,lemmatize,keras_tokenizer,word2vec,20,128,54.78992085500795,0.09262966165659568,0.998876404494382,1.0,arch_update
2025-11-17T19:42:17.513141+00:00,C04,C04_LSTM_20251117-144020,lstm,3,lemmatize,keras_tokenizer,word2vec,20,128,31.4545170939964,0.08784106048232541,1.0,1.0,arch_update
2025-11-17T19:42:48.525656+00:00,C05,C05_LSTM_20251117-144218,lstm,1,stem,keras_tokenizer,learned,20,128,27.816177525004605,0.08580680894785513,1.0,1.0,arch_update
2025-11-17T19:43:11.964099+00:00,C05,C05_LSTM_20251117-144218,lstm,2,stem,keras_tokenizer,learned,20,128,22.75479867499962,0.3172696847769947,0.05955056179775281,0.7346870280248364,arch_update
2025-11-17T19:43:34.848521+00:00,C05,C05_LSTM_20251117-144218,lstm,3,stem,keras_tokenizer,learned,20,128,22.341564425005345,0.31536805112386146,0.05730337078651685,0.7339603627813235,arch_update
2025-11-17T19:43:59.009205+00:00,C06,C06_LSTM_20251117-144335,lstm,1,stem,keras_tokenizer,word2vec,20,128,20.46687277199817,0.08547992516908907,1.0,0.0,arch_update
2025-11-17T19:44:44.097590+00:00,C06,C06_LSTM_20251117-144335,lstm,2,stem,keras_tokenizer,word2vec,20,128,44.35440166600165,0.08850355816694161,1.0,1.0,arch_update
2025-11-17T19:45:07.240933+00:00,C06,C06_LSTM_20251117-144335,lstm,3,stem,keras_tokenizer,word2vec,20,128,22.599916922001285,0.3141079584838026,0.0550561797752809,0.7337586033238207,arch_update
2025-11-17T19:45:58.944148+00:00,C07,C07_LSTM_20251117-144508,lstm,1,baseline,keras_tokenizer,learned,20,128,46.17909065099957,0.08637057668371029,1.0,0.0,arch_update
2025-11-17T19:46:23.632491+00:00,C07,C07_LSTM_20251117-144508,lstm,2,baseline,keras_tokenizer,learned,20,128,23.924623254992184,0.08540856964637013,1.0,0.0,arch_update
2025-11-17T19:49:28.298784+00:00,C07,C07_LSTM_20251117-144508,lstm,3,baseline,keras_tokenizer,learned,20,128,64.99685675599903,0.08540856964637013,1.0,0.0,arch_update
2025-11-17T19:48:04.431187+00:00,C08,C08_LSTM_20251117-144730,lstm,1,baseline,keras_tokenizer,word2vec,20,128,31.530357602998265,0.315203725075335,0.04264870931537598,0.733344464852229,arch_update
2025-11-17T19:48:34.450636+00:00,C08,C08_LSTM_20251117-144730,lstm,2,baseline,keras_tokenizer,word2vec,20,128,29.308040876989253,0.31933626573796364,0.06292134831460675,0.7351015611885177,arch_update
2025-11-17T19:48:57.481301+00:00,C08,C08_LSTM_20251117-144730,lstm,3,baseline,keras_tokenizer,word2vec,20,128,22.456040673991083,0.31277099890038484,0.052808988764044947,0.7335123342842759,arch_update
2025-11-17T19:49:28.458587+00:00,C09,C09_LSTM_20251117-144858,lstm,1,baseline,keras_tokenizer,learned,20,128,27.346637057009502,0.08580680894785513,1.0,1.0,arch_update
2025-11-17T19:49:51.829894+00:00,C09,C09_LSTM_20251117-144858,lstm,2,baseline,keras_tokenizer,learned,20,128,22.714647636006703,0.31339698671622235,0.052808988764044947,0.7339142091152815,arch_update
2025-11-17T19:50:20.746143+00:00,C09,C09_LSTM_20251117-144858,lstm,3,baseline,keras_tokenizer,learned,20,128,28.333214263999253,0.08751443579864654,1.0,1.0,arch_update
2025-11-17T19:51:02.670339+00:00,C10,C10_LSTM_20251117-145021,lstm,1,lemmatize,keras_tokenizer,learned,20,128,38.19207770298817,0.08629664758897988,1.0,1.0,arch_update
2025-11-17T19:51:35.784438+00:00,C10,C10_LSTM_20251117-145021,lstm,2,lemmatize,keras_tokenizer,learned,20,128,32.63145297199662,0.3121543457847713,0.04719101123595506,0.7334002341528684,arch_update
2025-11-17T19:52:11.548808+00:00,C10,C10_LSTM_20251117-145021,lstm,3,lemmatize,keras_tokenizer,learned,20,128,35.16079778800486,0.3146513538173041,0.05056179775280899,0.7337357478202549,arch_update
2025-11-17T19:52:37.079611+00:00,C11,C11_LSTM_20251117-145212,lstm,1,stem,keras_tokenizer,learned,20,128,20.391427224007202,0.08547992516908907,1.0,0.0,arch_update
2025-11-17T19:53:06.657849+00:00,C11,C11_LSTM_20251117-145212,lstm,2,stem,keras_tokenizer,learned,20,128,28.95740734699939,0.08573543996326133,1.0,1.0,arch_update
2025-11-17T19:53:30.446357+00:00,C11,C11_LSTM_20251117-145212,lstm,3,stem,keras_tokenizer,learned,20,128,23.254583729009028,0.3166038584216125,0.05955056179775281,0.7344091443940158,arch_update
